Time,Altitude,Velocity,Temperature (F),Voltage
0.00,9,0,94.37,9.40
0.05,9,7,94.37,9.40
0.10,10,37,94.37,9.40
0.15,12,20,94.37,9.40
0.20,16,31,94.37,9.40
0.25,14,37,94.37,9.40
0.30,16,43,94.37,9.40
0.35,20,52,94.37,9.40
0.40,21,62,94.37,9.40
0.45,27,72,94.37,9.40
0.50,31,81,94.35,9.40
0.55,35,89,94.37,9.40
0.60,40,97,94.37,9.40
0.65,44,107,94.37,9.40
0.70,50,120,94.37,9.40
0.75,57,134,94.37,9.40
0.80,64,149,94.37,9.40
0.85,73,162,94.37,9.40
0.90,82,173,94.37,9.40
0.95,92,179,94.37,9.40
1.00,101,181,94.37,9.40
1.05,111,180,94.37,9.40
1.10,119,177,94.37,9.40
1.15,128,173,94.37,9.40
1.20,136,170,94.37,9.40
1.25,145,169,94.37,9.40
1.30,152,172,94.37,9.40
1.35,160,177,94.37,9.40
1.40,170,186,94.37,9.40
1.45,179,197,94.37,9.40
1.50,190,207,94.37,9.40
1.55,202,216,94.37,9.40
1.60,213,224,94.37,9.40
1.65,224,231,94.37,9.40
1.70,235,239,94.37,9.40
1.75,249,248,94.37,9.40
1.80,260,258,94.37,9.40
1.85,274,269,94.37,9.40
1.90,288,279,94.37,9.40
1.95,304,289,94.37,9.40
2.00,318,298,94.37,9.40
2.05,333,306,94.37,9.40
2.10,349,316,94.37,9.40
2.15,365,327,94.37,9.40
2.20,381,340,94.37,9.40
2.25,399,352,94.37,9.40
2.30,417,361,94.37,9.40
2.35,438,364,94.37,9.40
2.40,458,361,94.37,9.40
2.45,476,356,94.37,9.40
2.50,490,352,94.37,9.40
2.55,505,353,94.37,9.40
2.60,524,361,94.37,9.40
2.65,544,376,94.37,9.40
2.70,562,396,94.37,9.40
2.75,584,423,94.37,9.40
2.80,604,457,94.35,9.40
2.85,627,494,94.37,9.40
2.90,652,522,94.37,9.40
2.95,685,530,94.37,9.40
3.00,722,508,94.37,9.40
3.05,755,461,94.37,9.40
3.10,765,407,94.35,9.40
3.15,769,364,94.37,9.40
3.20,784,346,94.37,9.40
3.25,802,358,94.37,9.40
3.30,821,387,94.37,9.40
3.35,848,421,94.35,9.40
3.40,871,452,94.37,9.40
3.45,894,474,94.35,9.40
3.50,917,490,94.37,9.40
3.55,941,506,94.35,9.40
3.60,970,519,94.37,9.40
3.65,997,529,94.35,9.40
3.70,1024,533,94.35,9.40
3.75,1052,530,94.35,9.40
3.80,1079,524,94.35,9.40
3.85,1102,515,94.35,9.40
3.90,1129,506,94.35,9.40
3.95,1153,498,94.35,9.40
4.00,1177,491,94.35,9.40
4.05,1202,486,94.37,9.40
4.10,1227,481,94.37,9.40
4.15,1250,480,94.35,9.40
4.20,1270,481,94.35,9.40
4.25,1297,482,94.37,9.40
4.30,1323,481,94.35,9.40
4.35,1346,477,94.35,9.40
4.40,1371,467,94.35,9.40
4.45,1395,457,94.35,9.40
4.50,1414,450,94.35,9.40
4.55,1434,446,94.35,9.40
4.60,1457,446,94.35,9.40
4.65,1481,447,94.37,9.40
4.70,1505,445,94.35,9.40
4.75,1527,439,94.35,9.40
4.80,1549,431,94.35,9.40
4.85,1569,423,94.35,9.40
4.90,1587,421,94.35,9.40
4.95,1608,424,94.35,9.40
5.00,1629,430,94.37,9.40
5.05,1655,436,94.37,9.40
5.10,1676,439,94.35,9.40
5.15,1697,439,94.35,9.40
5.20,1720,434,94.37,9.40
5.25,1741,428,94.37,9.40
5.30,1762,421,94.35,9.40
5.35,1785,413,94.35,9.40
5.40,1801,408,94.35,9.40
5.45,1822,402,94.37,9.40
5.50,1845,397,94.35,9.40
5.55,1863,396,94.35,9.40
5.60,1880,396,94.35,9.40
5.65,1900,399,94.37,9.40
5.70,1922,403,94.35,9.40
5.75,1943,407,94.37,9.40
5.80,1963,409,94.35,9.40
5.85,1983,409,94.37,9.40
5.90,2004,404,94.35,9.40
5.95,2025,396,94.35,9.40
6.00,2046,385,94.35,9.40
6.05,2062,374,94.35,9.40
6.10,2080,363,94.35,9.40
6.15,2098,355,94.35,9.40
6.20,2115,351,94.35,9.40
6.25,2131,351,94.35,9.40
6.30,2150,354,94.35,9.40
6.35,2167,359,94.35,9.40
6.40,2185,365,94.35,9.40
6.45,2204,369,94.35,9.40
6.50,2225,374,94.35,9.40
6.55,2242,378,94.35,9.40
6.60,2259,380,94.35,9.40
6.65,2280,380,94.35,9.40
6.70,2300,376,94.35,9.40
6.75,2322,368,94.35,9.40
6.80,2336,359,94.35,9.40
6.85,2354,350,94.35,9.40
6.90,2369,345,94.35,9.40
6.95,2386,343,94.37,9.40
7.00,2404,342,94.35,9.40
7.05,2423,341,94.35,9.40
7.10,2440,339,94.35,9.40
7.15,2455,335,94.35,9.40
7.20,2471,332,94.35,9.40
7.25,2488,330,94.35,9.40
7.30,2505,330,94.35,9.40
7.35,2522,329,94.35,9.40
7.40,2538,329,94.35,9.40
7.45,2552,329,94.35,9.40
7.50,2571,328,94.35,9.40
7.55,2588,325,94.35,9.40
7.60,2604,322,94.35,9.40
7.65,2619,317,94.35,9.40
7.70,2634,313,94.35,9.40
7.75,2651,310,94.35,9.40
7.80,2664,308,94.35,9.40
7.85,2681,308,94.35,9.40
7.90,2695,308,94.35,9.40
7.95,2712,309,94.35,9.40
8.00,2727,309,94.35,9.40
8.05,2743,308,94.35,9.40
8.10,2757,307,94.35,9.40
8.15,2772,305,94.35,9.40
8.20,2790,302,94.35,9.40
8.25,2804,297,94.35,9.40
8.30,2818,292,94.37,9.40
8.35,2832,287,94.35,9.40
8.40,2846,283,94.35,9.40
8.45,2860,281,94.35,9.40
8.50,2874,281,94.35,9.40
8.55,2887,281,94.35,9.40
8.60,2903,281,94.35,9.40
8.65,2917,280,94.35,9.40
8.70,2930,279,94.35,9.40
8.75,2944,277,94.35,9.40
8.80,2958,274,94.35,9.40
8.85,2972,272,94.35,9.40
8.90,2985,271,94.35,9.40
8.95,2998,270,94.35,9.40
9.00,3011,269,94.35,9.40
9.05,3026,268,94.35,9.40
9.10,3039,266,94.35,9.40
9.15,3052,262,94.35,9.40
9.20,3065,258,94.35,9.40
9.25,3078,254,94.35,9.40
9.30,3089,252,94.35,9.40
9.35,3103,250,94.35,9.40
9.40,3114,250,94.35,9.40
9.45,3127,249,94.35,9.40
9.50,3140,246,94.35,9.40
9.55,3153,242,94.35,9.40
9.60,3165,237,94.35,9.40
9.65,3175,233,94.35,9.40
9.70,3185,231,94.35,9.40
9.75,3198,231,94.35,9.40
9.80,3210,234,94.35,9.40
9.85,3221,237,94.35,9.40
9.90,3233,239,94.35,9.40
9.95,3245,240,94.35,9.40
10.00,3259,238,94.35,9.40
10.05,3271,235,94.35,9.40
10.10,3280,231,94.35,9.40
10.15,3293,227,94.35,9.40
10.20,3304,224,94.35,9.40
10.25,3313,221,94.35,9.40
10.30,3327,219,94.35,9.40
10.35,3337,219,94.35,9.40
10.40,3346,219,94.35,9.40
10.45,3358,218,94.35,9.40
10.50,3369,217,94.35,9.40
10.55,3381,215,94.33,9.40
10.60,3392,211,94.35,9.40
10.65,3401,207,94.35,9.40
10.70,3410,202,94.35,9.40
10.75,3421,199,94.35,9.40
10.80,3431,196,94.35,9.40
10.85,3441,195,94.35,9.40
10.90,3450,194,94.35,9.40
10.95,3459,193,94.35,9.40
11.00,3469,192,94.35,9.40
11.05,3479,191,94.35,9.40
11.10,3490,190,94.35,9.40
11.15,3496,189,94.35,9.40
11.20,3507,188,94.35,9.40
11.25,3517,187,94.35,9.40
11.30,3527,186,94.33,9.40
11.35,3535,184,94.35,9.40
11.40,3543,183,94.35,9.40
11.45,3553,182,94.35,9.40
11.50,3563,181,94.35,9.40
11.55,3572,179,94.35,9.40
11.60,3580,177,94.35,9.40
11.65,3589,174,94.35,9.40
11.70,3598,171,94.35,9.40
11.75,3606,169,94.35,9.40
11.80,3614,167,94.35,9.40
11.85,3622,165,94.33,9.40
11.90,3631,164,94.35,9.40
11.95,3639,161,94.33,9.40
12.00,3647,158,94.35,9.40
12.05,3655,155,94.35,9.40
12.10,3662,152,94.35,9.40
12.15,3669,149,94.35,9.40
12.20,3677,148,94.35,9.40
12.25,3684,147,94.35,9.40
12.30,3692,147,94.33,9.40
12.35,3698,148,94.35,9.40
12.40,3706,149,94.35,9.40
12.45,3713,149,94.35,9.40
12.50,3722,149,94.35,9.40
12.55,3729,147,94.35,9.40
12.60,3736,144,94.35,9.40
12.65,3743,141,94.33,9.40
12.70,3750,138,94.35,9.40
12.75,3756,136,94.33,9.40
12.80,3763,134,94.33,9.40
12.85,3770,132,94.35,9.40
12.90,3777,129,94.33,9.40
12.95,3783,126,94.35,9.40
13.00,3788,123,94.35,9.40
13.05,3795,121,94.35,9.40
13.10,3800,120,94.35,9.40
13.15,3807,120,94.35,9.40
13.20,3812,119,94.33,9.40
13.25,3820,118,94.33,9.40
13.30,3824,115,94.35,9.40
13.35,3830,113,94.35,9.40
13.40,3836,110,94.35,9.40
13.45,3841,109,94.35,9.40
13.50,3846,108,94.35,9.40
13.55,3851,108,94.35,9.40
13.60,3857,108,94.35,9.40
13.65,3863,107,94.35,9.40
13.70,3868,106,94.33,9.40
13.75,3873,105,94.33,9.40
13.80,3878,102,94.35,9.40
13.85,3884,99,94.33,9.40
13.90,3888,97,94.35,9.40
13.95,3893,95,94.35,9.40
14.00,3897,94,94.35,9.40
14.05,3901,94,94.33,9.40
14.10,3907,93,94.35,9.40
14.15,3911,93,94.33,9.40
14.20,3917,91,94.35,9.40
14.25,3921,88,94.33,9.40
14.30,3924,85,94.33,9.40
14.35,3929,81,94.35,9.40
14.40,3933,78,94.33,9.40
14.45,3936,76,94.33,9.40
14.50,3940,75,94.33,9.40
14.55,3944,74,94.35,9.40
14.60,3947,74,94.33,9.40
14.65,3951,73,94.35,9.40
14.70,3955,72,94.33,9.40
14.75,3958,70,94.33,9.40
14.80,3962,68,94.33,9.40
14.85,3965,66,94.33,9.40
14.90,3968,65,94.33,9.40
14.95,3971,63,94.33,9.40
15.00,3974,62,94.33,9.40
15.05,3978,61,94.33,9.40
15.10,3981,59,94.33,9.40
15.15,3983,57,94.35,9.40
15.20,3986,56,94.33,9.40
15.25,3988,55,94.33,9.40
15.30,3992,54,94.33,9.40
15.35,3994,52,94.33,9.40
15.40,3997,51,94.33,9.40
15.45,3999,49,94.33,9.40
15.50,4001,48,94.33,9.40
15.55,4004,47,94.33,9.40
15.60,4006,45,94.33,9.40
15.65,4009,44,94.33,9.40
15.70,4010,42,94.33,9.40
15.75,4012,40,94.33,9.40
15.80,4015,37,94.33,9.40
15.85,4016,35,94.35,9.40
15.90,4018,32,94.33,9.40
15.95,4019,30,94.33,9.40
16.00,4020,28,94.33,9.40
16.05,4022,27,94.33,9.40
16.10,4022,27,94.33,9.40
16.15,4025,26,94.33,9.40
16.20,4026,25,94.33,9.40
16.25,4027,24,94.33,9.40
16.30,4028,21,94.33,9.40
16.35,4029,19,94.33,9.40
16.40,4030,17,94.33,9.40
16.45,4030,16,94.33,9.40
16.50,4031,15,94.33,9.40
16.55,4032,14,94.33,9.40
16.60,4033,13,94.33,9.40
16.65,4033,11,94.33,9.40
16.70,4034,9,94.33,9.40
16.75,4034,7,94.33,9.40
16.80,4034,4,94.33,9.40
16.85,4035,1,94.33,9.40
16.90,4034,-0,94.33,9.40
16.95,4034,-2,94.33,9.40
17.00,4034,-3,94.33,9.40
17.05,4034,-3,94.33,9.40
17.10,4032,-3,94.33,9.40
17.15,4034,-3,94.33,9.40
17.20,4034,-4,94.33,9.40
17.25,4033,-5,94.33,9.40
17.30,4033,-7,94.33,9.40
17.35,4032,-10,94.33,9.40
17.40,4032,-12,94.33,9.40
17.45,4031,-15,94.33,9.40
17.50,4030,-16,94.33,9.40
17.55,4029,-16,94.33,9.40
17.60,4028,-8,94.33,9.40
17.65,4027,3,94.33,9.40
17.70,4027,15,94.33,9.40
17.75,3299,27,94.32,9.40
17.80,3686,25,94.33,9.40
17.85,4053,13,94.33,9.40
17.90,4033,-4,94.33,9.40
17.95,4029,-22,94.33,9.40
18.00,4028,-37,94.33,9.40
18.05,4027,-38,94.32,9.40
18.10,4026,-36,94.33,9.40
18.15,4025,-34,94.33,9.40
18.20,4023,-29,94.33,9.40
18.25,4020,-29,94.32,9.40
18.30,4020,-30,94.32,9.40
18.35,4020,-31,94.32,9.40
18.40,4016,-31,94.33,9.40
18.45,4015,-32,94.32,9.40
18.50,4013,-33,94.33,9.40
18.55,4013,-34,94.32,9.40
18.60,4010,-36,94.33,9.40
18.65,4008,-38,94.32,9.40
18.70,4007,-40,94.32,9.40
18.75,4005,-45,94.33,9.40
18.80,4001,-48,94.33,9.40
18.85,3998,-49,94.33,9.40
18.90,3996,-53,94.32,9.40
18.95,4005,-46,94.33,9.40
19.00,4015,-40,94.32,9.40
19.05,4003,-37,94.33,9.40
19.10,3994,-33,94.33,9.40
19.15,3987,-37,94.32,9.40
19.20,3974,-41,94.33,9.40
19.25,3968,-44,94.33,9.40
19.30,3970,-46,94.32,9.40
19.35,3977,-46,94.33,9.40
19.40,3969,-47,94.32,9.40
19.45,3975,-47,94.33,9.40
19.50,3970,-47,94.33,9.40
19.55,3959,-48,94.33,9.40
19.60,3956,-49,94.33,9.40
19.65,3954,-50,94.33,9.40
19.70,3954,-51,94.33,9.40
19.75,3954,-51,94.33,9.40
19.80,3957,-52,94.33,9.40
19.85,3960,-54,94.33,9.40
19.90,3957,-56,94.33,9.40
19.95,3976,-59,94.33,9.40
20.00,3977,-62,94.33,9.40
20.05,3968,-63,94.33,9.40
20.10,3954,-62,94.33,9.40
20.15,3938,-61,94.33,9.40
20.20,3931,-59,94.33,9.40
20.25,3924,-58,94.33,9.40
20.30,3930,-57,94.33,9.40
20.35,3929,-57,94.33,9.40
20.40,3921,-57,94.33,9.40
20.45,3923,-57,94.33,9.40
20.50,3919,-56,94.33,9.40
20.55,3914,-55,94.33,9.40
20.60,3912,-54,94.33,9.40
20.65,3907,-53,94.35,9.40
20.70,3899,-53,94.33,9.40
20.75,3910,-53,94.33,9.40
20.80,3895,-55,94.33,9.40
20.85,3894,-57,94.33,9.40
20.90,3888,-61,94.33,9.40
20.95,3882,-65,94.33,9.40
21.00,3878,-68,94.33,9.40
21.05,3874,-70,94.33,9.40
21.10,3864,-71,94.33,9.40
21.15,3862,-71,94.33,9.40
21.20,3860,-72,94.33,9.40
21.25,3858,-73,94.33,9.40
21.30,3864,-74,94.33,9.40
21.35,3863,-74,94.33,9.40
21.40,3861,-74,94.33,9.40
21.45,3856,-73,94.33,9.40
21.50,3853,-71,94.33,9.40
21.55,3854,-69,94.33,9.40
21.60,3852,-67,94.33,9.40
21.65,3851,-65,94.33,9.40
21.70,3854,-64,94.33,9.40
21.75,3849,-63,94.33,9.40
21.80,3853,-61,94.33,9.40
21.85,3845,-59,94.33,9.40
21.90,3847,-57,94.35,9.40
21.95,3839,-55,94.33,9.40
22.00,3825,-54,94.33,9.40
22.05,3815,-54,94.33,9.40
22.10,3803,-55,94.35,9.40
22.15,3792,-58,94.35,9.40
22.20,3785,-63,94.35,9.40
22.25,3782,-67,94.33,9.40
22.30,3779,-71,94.33,9.40
22.35,3780,-73,94.35,9.40
22.40,3778,-73,94.33,9.40
22.45,3778,-73,94.33,9.40
22.50,3778,-72,94.33,9.40
22.55,3779,-73,94.33,9.40
22.60,3785,-76,94.35,9.40
22.65,3782,-77,94.33,9.40
22.70,3778,-78,94.33,9.40
22.75,3775,-78,94.33,9.40
22.80,3778,-75,94.33,9.40
22.85,3781,-72,94.33,9.40
22.90,3777,-68,94.33,9.40
22.95,3776,-65,94.33,9.40
23.00,3768,-62,94.35,9.40
23.05,3765,-60,94.33,9.40
23.10,3754,-59,94.33,9.40
23.15,3740,-57,94.33,9.40
23.20,3726,-57,94.35,9.40
23.25,3716,-57,94.33,9.40
23.30,3713,-57,94.33,9.40
23.35,3719,-59,94.33,9.40
23.40,3717,-62,94.33,9.40
23.45,3718,-65,94.33,9.40
23.50,3715,-68,94.33,9.40
23.55,3701,-72,94.33,9.40
23.60,3701,-75,94.33,9.40
23.65,3695,-78,94.35,9.40
23.70,3691,-80,94.33,9.40
23.75,3699,-83,94.33,9.40
23.80,3712,-85,94.33,9.40
23.85,3713,-87,94.35,9.40
23.90,3716,-89,94.33,9.40
23.95,3709,-90,94.33,9.40
24.00,3694,-89,94.35,9.40
24.05,3689,-86,94.35,9.40
24.10,3682,-82,94.35,9.40
24.15,3677,-77,94.35,9.40
24.20,3673,-72,94.35,9.40
24.25,3671,-69,94.35,9.40
24.30,3665,-68,94.35,9.40
24.35,3659,-69,94.35,9.40
24.40,3653,-70,94.33,9.40
24.45,3648,-71,94.35,9.40
24.50,3639,-72,94.35,9.40
24.55,3634,-72,94.35,9.40
24.60,3629,-73,94.35,9.40
24.65,3621,-74,94.35,9.40
24.70,3616,-76,94.35,9.40
24.75,3612,-80,94.33,9.40
24.80,3608,-85,94.35,9.40
24.85,3601,-88,94.35,9.40
24.90,3598,-90,94.35,9.40
24.95,3592,-89,94.35,9.40
25.00,3589,-86,94.35,9.40
25.05,3588,-83,94.35,9.40
25.10,3591,-81,94.35,9.40
25.15,3593,-79,94.35,9.40
25.20,3589,-78,94.35,9.40
25.25,3585,-78,94.35,9.40
25.30,3584,-78,94.35,9.40
25.35,3576,-77,94.35,9.40
25.40,3578,-76,94.35,9.40
25.45,3573,-75,94.35,9.40
25.50,3563,-74,94.35,9.40
25.55,3560,-72,94.35,9.40
25.60,3553,-71,94.35,9.40
25.65,3549,-71,94.35,9.40
25.70,3547,-71,94.35,9.40
25.75,3543,-71,94.35,9.40
25.80,3538,-71,94.35,9.40
25.85,3529,-71,94.35,9.40
25.90,3528,-71,94.35,9.40
25.95,3530,-70,94.33,9.40
26.00,3528,-70,94.35,9.40
26.05,3528,-70,94.33,9.40
26.10,3528,-70,94.33,9.40
26.15,3520,-70,94.33,9.40
26.20,3516,-71,94.33,9.40
26.25,3511,-73,94.33,9.40
26.30,3511,-74,94.35,9.40
26.35,3504,-75,94.33,9.40
26.40,3498,-76,94.35,9.40
26.45,3495,-77,94.33,9.40
26.50,3495,-77,94.35,9.40
26.55,3493,-77,94.35,9.40
26.60,3482,-77,94.35,9.40
26.65,3479,-76,94.35,9.40
26.70,3472,-76,94.35,9.40
26.75,3469,-74,94.35,9.40
26.80,3463,-73,94.35,9.40
26.85,3457,-72,94.35,9.40
26.90,3458,-71,94.35,9.40
26.95,3452,-71,94.35,9.40
27.00,3453,-72,94.35,9.40
27.05,3457,-72,94.35,9.40
27.10,3457,-72,94.35,9.40
27.15,3453,-72,94.35,9.40
27.20,3440,-71,94.37,9.40
27.25,3440,-72,94.37,9.40
27.30,3435,-72,94.37,9.40
27.35,3424,-74,94.35,9.40
27.40,3419,-75,94.35,9.40
27.45,3415,-76,94.35,9.40
27.50,3411,-77,94.35,9.40
27.55,3403,-77,94.35,9.40
27.60,3398,-77,94.35,9.40
27.65,3398,-76,94.35,9.40
27.70,3398,-75,94.37,9.40
27.75,3394,-74,94.35,9.40
27.80,3394,-73,94.37,9.40
27.85,3390,-73,94.35,9.40
27.90,3394,-74,94.35,9.40
27.95,3388,-76,94.35,9.40
28.00,3387,-79,94.37,9.40
28.05,3378,-81,94.35,9.40
28.10,3384,-82,94.35,9.40
28.15,3380,-81,94.37,9.40
28.20,3378,-80,94.35,9.40
28.25,3366,-79,94.35,9.40
28.30,3356,-77,94.35,9.40
28.35,3356,-75,94.35,9.40
28.40,3349,-74,94.37,9.40
28.45,3336,-72,94.37,9.40
28.50,3338,-69,94.35,9.40
28.55,3339,-68,94.35,9.40
28.60,3330,-67,94.35,9.40
28.65,3323,-67,94.37,9.40
28.70,3324,-69,94.35,9.40
28.75,3322,-70,94.37,9.40
28.80,3320,-72,94.35,9.40
28.85,3316,-73,94.37,9.40
28.90,3307,-74,94.35,9.40
28.95,3299,-75,94.37,9.40
29.00,3291,-76,94.35,9.40
29.05,3291,-77,94.35,9.40
29.10,3291,-78,94.35,9.40
29.15,3293,-78,94.35,9.40
29.20,3284,-78,94.35,9.40
29.25,3282,-77,94.37,9.40
29.30,3277,-76,94.37,9.40
29.35,3275,-76,94.37,9.40
29.40,3274,-75,94.35,9.40
29.45,3276,-75,94.37,9.40
29.50,3274,-75,94.37,9.40
29.55,3272,-75,94.37,9.40
29.60,3272,-75,94.37,9.40
29.65,3260,-76,94.37,9.40
29.70,3258,-76,94.35,9.40
29.75,3253,-76,94.37,9.40
29.80,3251,-77,94.37,9.40
29.85,3247,-77,94.35,9.40
29.90,3238,-76,94.37,9.40
29.95,3236,-75,94.37,9.40
30.00,3236,-75,94.37,9.40
30.05,3226,-75,94.37,9.40
30.10,3229,-76,94.35,9.40
30.15,3219,-77,94.37,9.40
30.20,3218,-76,94.37,9.40
30.25,3211,-76,94.37,9.40
30.30,3206,-76,94.37,9.40
30.35,3197,-78,94.37,9.40
30.40,3198,-80,94.37,9.40
30.45,3193,-82,94.37,9.40
30.50,3186,-84,94.37,9.40
30.55,3182,-85,94.37,9.40
30.60,3179,-85,94.37,9.40
30.65,3178,-85,94.37,9.40
30.70,3175,-85,94.37,9.40
30.75,3166,-84,94.37,9.40
30.80,3160,-84,94.37,9.40
30.85,3161,-85,94.37,9.40
30.90,3156,-85,94.37,9.40
30.95,3152,-85,94.37,9.40
31.00,3146,-85,94.37,9.40
31.05,3137,-85,94.37,9.40
31.10,3138,-84,94.37,9.40
31.15,3137,-84,94.37,9.40
31.20,3135,-84,94.37,9.40
31.25,3136,-84,94.37,9.40
31.30,3126,-84,94.37,9.40
31.35,3118,-84,94.37,9.40
31.40,3113,-84,94.37,9.40
31.45,3108,-85,94.37,9.40
31.50,3106,-85,94.37,9.40
31.55,3101,-86,94.37,9.40
31.60,3098,-87,94.37,9.40
31.65,3093,-87,94.37,9.40
31.70,3089,-87,94.37,9.40
31.75,3086,-86,94.37,9.40
31.80,3081,-84,94.37,9.40
31.85,3075,-83,94.37,9.40
31.90,3070,-81,94.37,9.40
31.95,3067,-79,94.37,9.40
32.00,3064,-77,94.37,9.40
32.05,3063,-77,94.37,9.40
32.10,3057,-77,94.37,9.40
32.15,3052,-78,94.37,9.40
32.20,3050,-79,94.37,9.40
32.25,3042,-78,94.35,9.40
32.30,3037,-77,94.35,9.40
32.35,3030,-76,94.37,9.40
32.40,3026,-75,94.37,9.40
32.45,3026,-76,94.37,9.40
32.50,3016,-76,94.37,9.40
32.55,3008,-77,94.37,9.40
32.60,3003,-78,94.37,9.40
32.65,3004,-79,94.35,9.40
32.70,3000,-79,94.35,9.40
32.75,2998,-80,94.35,9.40
32.80,2995,-80,94.37,9.40
32.85,2998,-80,94.35,9.40
32.90,3000,-80,94.35,9.40
32.95,2999,-79,94.35,9.40
33.00,2989,-77,94.35,9.40
33.05,2992,-76,94.35,9.40
33.10,2985,-75,94.35,9.40
33.15,2974,-74,94.35,9.40
33.20,2983,-73,94.35,9.40
33.25,2972,-72,94.35,9.40
33.30,2971,-72,94.35,9.40
33.35,2974,-71,94.35,9.40
33.40,2963,-71,94.35,9.40
33.45,2953,-71,94.37,9.40
33.50,2952,-71,94.35,9.40
33.55,2944,-71,94.35,9.40
33.60,2942,-72,94.35,9.40
33.65,2934,-73,94.35,9.40
33.70,2929,-74,94.35,9.40
33.75,2924,-76,94.35,9.40
33.80,2916,-78,94.35,9.40
33.85,2914,-80,94.35,9.40
33.90,2913,-82,94.35,9.40
33.95,2916,-83,94.35,9.40
34.00,2912,-84,94.37,9.40
34.05,2911,-84,94.37,9.40
34.10,2909,-83,94.37,9.40
34.15,2904,-82,94.37,9.40
34.20,2904,-81,94.37,9.40
34.25,2898,-81,94.37,9.40
34.30,2892,-81,94.37,9.40
34.35,2890,-81,94.37,9.40
34.40,2882,-80,94.37,9.40
34.45,2881,-80,94.37,9.40
34.50,2871,-79,94.37,9.40
34.55,2865,-78,94.37,9.40
34.60,2859,-78,94.37,9.40
34.65,2857,-78,94.37,9.40
34.70,2853,-77,94.37,9.40
34.75,2846,-77,94.35,9.40
34.80,2842,-77,94.37,9.40
34.85,2837,-78,94.37,9.40
34.90,2832,-80,94.37,9.40
34.95,2831,-82,94.37,9.40
35.00,2822,-83,94.37,9.40
35.05,2821,-85,94.37,9.40
35.10,2818,-85,94.37,9.40
35.15,2818,-85,94.37,9.40
35.20,2827,-84,94.37,9.40
35.25,2813,-83,94.37,9.40
35.30,2809,-82,94.37,9.40
35.35,2801,-81,94.37,9.40
35.40,2804,-80,94.37,9.40
35.45,2799,-79,94.37,9.40
35.50,2794,-78,94.37,9.40
35.55,2790,-76,94.35,9.40
35.60,2781,-75,94.37,9.40
35.65,2778,-75,94.37,9.40
35.70,2772,-74,94.37,9.40
35.75,2770,-72,94.37,9.40
35.80,2765,-71,94.37,9.40
35.85,2757,-70,94.37,9.40
35.90,2756,-70,94.35,9.40
35.95,2748,-71,94.37,9.40
36.00,2741,-72,94.37,9.40
36.05,2741,-74,94.35,9.40
36.10,2742,-76,94.37,9.40
36.15,2736,-78,94.35,9.40
36.20,2734,-79,94.35,9.40
36.25,2733,-78,94.35,9.40
36.30,2732,-78,94.35,9.40
36.35,2727,-77,94.35,9.40
36.40,2720,-76,94.35,9.40
36.45,2722,-75,94.35,9.40
36.50,2721,-74,94.35,9.40
36.55,2713,-74,94.35,9.40
36.60,2707,-73,94.35,9.40
36.65,2709,-73,94.35,9.40
36.70,2706,-73,94.35,9.40
36.75,2701,-73,94.35,9.40
36.80,2706,-73,94.35,9.40
36.85,2699,-73,94.35,9.40
36.90,2689,-73,94.35,9.40
36.95,2684,-73,94.35,9.40
37.00,2678,-74,94.35,9.40
37.05,2672,-75,94.35,9.40
37.10,2665,-75,94.37,9.40
37.15,2662,-76,94.35,9.40
37.20,2660,-77,94.35,9.40
37.25,2658,-78,94.37,9.40
37.30,2657,-79,94.35,9.40
37.35,2655,-81,94.37,9.40
37.40,2650,-82,94.37,9.40
37.45,2649,-82,94.37,9.40
37.50,2645,-82,94.37,9.40
37.55,2643,-81,94.35,9.40
37.60,2637,-81,94.37,9.40
37.65,2631,-81,94.35,9.40
37.70,2626,-82,94.37,9.40
37.75,2620,-82,94.35,9.40
37.80,2620,-82,94.35,9.40
37.85,2611,-82,94.37,9.40
37.90,2608,-80,94.37,9.40
37.95,2601,-79,94.35,9.40
38.00,2597,-78,94.35,9.40
38.05,2590,-77,94.37,9.40
38.10,2585,-76,94.35,9.40
38.15,2588,-76,94.35,9.40
38.20,2583,-77,94.35,9.40
38.25,2574,-78,94.35,9.40
38.30,2568,-79,94.35,9.40
38.35,2565,-80,94.35,9.40
38.40,2558,-80,94.37,9.40
38.45,2555,-80,94.35,9.40
38.50,2555,-79,94.37,9.40
38.55,2557,-78,94.35,9.40
38.60,2553,-76,94.35,9.40
38.65,2546,-75,94.35,9.40
38.70,2541,-73,94.35,9.40
38.75,2539,-72,94.35,9.40
38.80,2536,-71,94.35,9.40
38.85,2535,-70,94.35,9.40
38.90,2532,-69,94.35,9.40
38.95,2526,-69,94.35,9.40
39.00,2523,-69,94.35,9.40
39.05,2517,-70,94.35,9.40
39.10,2516,-71,94.35,9.40
39.15,2514,-73,94.37,9.40
39.20,2505,-73,94.35,9.40
39.25,2501,-73,94.35,9.40
39.30,2496,-71,94.35,9.40
39.35,2492,-70,94.35,9.40
39.40,2492,-69,94.35,9.40
39.45,2491,-70,94.35,9.40
39.50,2489,-71,94.35,9.40
39.55,2488,-72,94.35,9.40
39.60,2485,-74,94.35,9.40
39.65,2484,-75,94.35,9.40
39.70,2481,-76,94.35,9.40
39.75,2480,-77,94.37,9.40
39.80,2475,-77,94.35,9.40
39.85,2473,-79,94.37,9.40
39.90,2470,-79,94.35,9.40
39.95,2462,-79,94.35,9.40
40.00,2459,-79,94.35,9.40
40.05,2446,-77,94.35,9.40
40.10,2441,-76,94.35,9.40
40.15,2435,-74,94.35,9.40
40.20,2432,-73,94.35,9.40
40.25,2430,-71,94.35,9.40
40.30,2427,-70,94.35,9.40
40.35,2430,-69,94.35,9.40
40.40,2424,-69,94.35,9.40
40.45,2419,-69,94.35,9.40
40.50,2412,-69,94.35,9.40
40.55,2403,-71,94.35,9.40
40.60,2402,-72,94.35,9.40
40.65,2397,-74,94.35,9.40
40.70,2389,-75,94.35,9.40
40.75,2385,-76,94.35,9.40
40.80,2381,-77,94.35,9.40
40.85,2375,-79,94.37,9.40
40.90,2370,-82,94.37,9.40
40.95,2367,-84,94.37,9.40
41.00,2370,-85,94.37,9.40
41.05,2364,-84,94.37,9.40
41.10,2368,-82,94.37,9.40
41.15,2366,-80,94.37,9.40
41.20,2365,-79,94.35,9.40
41.25,2355,-79,94.35,9.40
41.30,2357,-79,94.35,9.40
41.35,2362,-80,94.35,9.40
41.40,2363,-79,94.35,9.40
41.45,2353,-78,94.35,9.40
41.50,2348,-76,94.35,9.40
41.55,2345,-73,94.35,9.40
41.60,2339,-70,94.35,9.40
41.65,2335,-67,94.35,9.40
41.70,2328,-64,94.35,9.40
41.75,2332,-62,94.35,9.40
41.80,2322,-60,94.35,9.40
41.85,2308,-59,94.37,9.40
41.90,2296,-60,94.37,9.40
41.95,2283,-62,94.37,9.40
42.00,2278,-65,94.35,9.40
42.05,2281,-68,94.37,9.40
42.10,2285,-71,94.35,9.40
42.15,2282,-73,94.35,9.40
42.20,2278,-75,94.37,9.40
42.25,2272,-77,94.35,9.40
42.30,2272,-79,94.35,9.40
42.35,2267,-81,94.35,9.40
42.40,2264,-82,94.35,9.40
42.45,2263,-83,94.35,9.40
42.50,2262,-84,94.35,9.40
42.55,2264,-84,94.35,9.40
42.60,2265,-85,94.35,9.40
42.65,2266,-85,94.35,9.40
42.70,2267,-85,94.35,9.40
42.75,2265,-84,94.35,9.40
42.80,2263,-82,94.35,9.40
42.85,2257,-79,94.35,9.40
42.90,2251,-75,94.35,9.40
42.95,2242,-71,94.35,9.40
43.00,2234,-69,94.35,9.40
43.05,2225,-67,94.35,9.40
43.10,2222,-67,94.33,9.40
43.15,2215,-66,94.35,9.40
43.20,2210,-65,94.35,9.40
43.25,2202,-65,94.35,9.40
43.30,2201,-66,94.35,9.40
43.35,2198,-67,94.35,9.40
43.40,2192,-68,94.37,9.40
43.45,2186,-70,94.35,9.40
43.50,2180,-73,94.37,9.40
43.55,2174,-76,94.37,9.40
43.60,2169,-79,94.35,9.40
43.65,2164,-81,94.37,9.40
43.70,2160,-82,94.37,9.40
43.75,2156,-81,94.37,9.40
43.80,2153,-78,94.37,9.40
43.85,2152,-75,94.37,9.40
43.90,2151,-71,94.37,9.40
43.95,2150,-66,94.37,9.40
44.00,2151,-62,94.37,9.40
44.05,2151,-59,94.35,9.40
44.10,2153,-56,94.35,9.40
44.15,2150,-54,94.35,9.40
44.20,2154,-54,94.35,9.40
44.25,2146,-55,94.35,9.40
44.30,2134,-56,94.35,9.40
44.35,2127,-58,94.35,9.40
44.40,2132,-60,94.35,9.40
44.45,2124,-61,94.35,9.40
44.50,2116,-63,94.35,9.40
44.55,2109,-66,94.35,9.40
44.60,2104,-69,94.35,9.40
44.65,2103,-71,94.35,9.40
44.70,2104,-74,94.35,9.40
44.75,2108,-75,94.35,9.40
44.80,2107,-76,94.35,9.40
44.85,2113,-78,94.35,9.40
44.90,2120,-79,94.35,9.40
44.95,2108,-80,94.35,9.40
45.00,2114,-81,94.35,9.40
45.05,2114,-83,94.35,9.40
45.10,2116,-84,94.35,9.40
45.15,2104,-85,94.33,9.40
45.20,2100,-85,94.35,9.40
45.25,2091,-84,94.35,9.40
45.30,2083,-83,94.35,9.40
45.35,2075,-82,94.35,9.40
45.40,2069,-81,94.35,9.40
45.45,2057,-80,94.35,9.40
45.50,2049,-79,94.35,9.40
45.55,2034,-78,94.35,9.40
45.60,2022,-77,94.35,9.40
45.65,2014,-78,94.37,9.40
45.70,2009,-79,94.35,9.40
45.75,2004,-82,94.35,9.40
45.80,2001,-85,94.35,9.40
45.85,1998,-87,94.35,9.40
45.90,1994,-90,94.35,9.40
45.95,1991,-92,94.35,9.40
46.00,1991,-94,94.35,9.40
46.05,1987,-96,94.35,9.40
46.10,1985,-96,94.35,9.40
46.15,1981,-96,94.35,9.40
46.20,1977,-94,94.35,9.40
46.25,1978,-92,94.35,9.40
46.30,1973,-90,94.35,9.40
46.35,1968,-87,94.35,9.40
46.40,1964,-84,94.35,9.40
46.45,1963,-81,94.35,9.40
46.50,1959,-77,94.35,9.40
46.55,1958,-74,94.35,9.40
46.60,1956,-71,94.35,9.40
46.65,1951,-69,94.35,9.40
46.70,1950,-67,94.35,9.40
46.75,1941,-66,94.35,9.40
46.80,1943,-65,94.35,9.40
46.85,1939,-64,94.33,9.40
46.90,1931,-64,94.35,9.40
46.95,1929,-65,94.33,9.40
47.00,1925,-66,94.35,9.40
47.05,1923,-66,94.35,9.40
47.10,1915,-67,94.35,9.40
47.15,1914,-68,94.33,9.40
47.20,1912,-69,94.35,9.40
47.25,1909,-70,94.33,9.40
47.30,1905,-71,94.33,9.40
47.35,1902,-72,94.33,9.40
47.40,1899,-73,94.35,9.40
47.45,1896,-74,94.33,9.40
47.50,1893,-75,94.33,9.40
47.55,1889,-75,94.33,9.40
47.60,1880,-76,94.33,9.40
47.65,1877,-76,94.33,9.40
47.70,1877,-77,94.33,9.40
47.75,1877,-77,94.33,9.40
47.80,1875,-78,94.33,9.40
47.85,1869,-79,94.33,9.40
47.90,1866,-79,94.33,9.40
47.95,1864,-78,94.33,9.40
48.00,1858,-78,94.33,9.40
48.05,1850,-77,94.33,9.40
48.10,1850,-76,94.33,9.40
48.15,1843,-75,94.33,9.40
48.20,1840,-75,94.33,9.40
48.25,1835,-75,94.33,9.40
48.30,1827,-75,94.33,9.40
48.35,1825,-75,94.33,9.40
48.40,1817,-75,94.33,9.40
48.45,1813,-75,94.33,9.40
48.50,1812,-75,94.33,9.40
48.55,1808,-75,94.33,9.40
48.60,1801,-75,94.33,9.40
48.65,1799,-77,94.33,9.40
48.70,1796,-78,94.33,9.40
48.75,1787,-79,94.33,9.40
48.80,1783,-80,94.33,9.40
48.85,1776,-81,94.33,9.40
48.90,1775,-81,94.33,9.40
48.95,1774,-82,94.33,9.40
49.00,1772,-82,94.33,9.40
49.05,1770,-82,94.33,9.40
49.10,1768,-81,94.33,9.40
49.15,1765,-80,94.33,9.40
49.20,1768,-79,94.33,9.40
49.25,1759,-78,94.33,9.40
49.30,1752,-77,94.33,9.40
49.35,1754,-77,94.33,9.40
49.40,1753,-77,94.33,9.40
49.45,1748,-78,94.33,9.40
49.50,1738,-79,94.33,9.40
49.55,1740,-81,94.33,9.40
49.60,1729,-82,94.33,9.40
49.65,1725,-82,94.33,9.40
49.70,1719,-82,94.33,9.40
49.75,1719,-82,94.33,9.40
49.80,1712,-80,94.32,9.40
49.85,1710,-78,94.33,9.40
49.90,1701,-75,94.33,9.40
49.95,1697,-73,94.33,9.40
50.00,1689,-71,94.33,9.40
50.05,1691,-71,94.33,9.40
50.10,1689,-71,94.33,9.40
50.15,1687,-72,94.33,9.40
50.20,1686,-73,94.33,9.40
50.25,1677,-74,94.33,9.40
50.30,1674,-75,94.32,9.40
50.35,1670,-76,94.33,9.40
50.40,1662,-76,94.33,9.40
50.45,1656,-76,94.33,9.40
50.50,1650,-76,94.33,9.40
50.55,1643,-75,94.33,9.40
50.60,1636,-75,94.33,9.40
50.65,1633,-75,94.32,9.40
50.70,1627,-75,94.33,9.40
50.75,1623,-76,94.33,9.40
50.80,1623,-77,94.33,9.40
50.85,1629,-78,94.33,9.40
50.90,1635,-79,94.33,9.40
50.95,1634,-81,94.33,9.40
51.00,1633,-82,94.33,9.40
51.05,1633,-84,94.33,9.40
51.10,1630,-86,94.33,9.40
51.15,1621,-87,94.33,9.40
51.20,1614,-88,94.32,9.40
51.25,1608,-87,94.33,9.40
51.30,1603,-87,94.33,9.40
51.35,1603,-86,94.33,9.40
51.40,1597,-85,94.33,9.40
51.45,1594,-84,94.33,9.40
51.50,1592,-83,94.33,9.40
51.55,1584,-82,94.33,9.40
51.60,1580,-82,94.33,9.40
51.65,1576,-81,94.33,9.40
51.70,1566,-81,94.33,9.40
51.75,1564,-82,94.32,9.40
51.80,1555,-83,94.33,9.40
51.85,1550,-85,94.32,9.40
51.90,1540,-88,94.33,9.40
51.95,1530,-90,94.33,9.40
52.00,1525,-91,94.32,9.40
52.05,1521,-92,94.33,9.40
52.10,1513,-92,94.33,9.40
52.15,1509,-91,94.32,9.40
52.20,1510,-90,94.32,9.40
52.25,1506,-89,94.32,9.40
52.30,1501,-88,94.32,9.40
52.35,1496,-89,94.33,9.40
52.40,1492,-89,94.32,9.40
52.45,1489,-90,94.33,9.40
52.50,1483,-90,94.32,9.40
52.55,1477,-90,94.33,9.40
52.60,1475,-89,94.32,9.40
52.65,1471,-88,94.33,9.40
52.70,1465,-86,94.32,9.40
52.75,1464,-83,94.33,9.40
52.80,1462,-79,94.33,9.40
52.85,1463,-76,94.32,9.40
52.90,1458,-72,94.32,9.40
52.95,1451,-68,94.32,9.40
53.00,1453,-65,94.32,9.40
53.05,1449,-63,94.32,9.40
53.10,1444,-63,94.32,9.40
53.15,1440,-62,94.32,9.40
53.20,1436,-63,94.32,9.40
53.25,1434,-63,94.32,9.40
53.30,1429,-64,94.32,9.40
53.35,1425,-65,94.32,9.40
53.40,1419,-66,94.32,9.40
53.45,1414,-67,94.32,9.40
53.50,1409,-67,94.32,9.40
53.55,1402,-68,94.32,9.40
53.60,1400,-68,94.32,9.40
53.65,1400,-68,94.32,9.40
53.70,1401,-68,94.32,9.40
53.75,1401,-68,94.32,9.40
53.80,1401,-68,94.30,9.40
53.85,1398,-68,94.30,9.40
53.90,1398,-68,94.30,9.40
53.95,1406,-69,94.32,9.40
54.00,1398,-70,94.30,9.40
54.05,1391,-70,94.30,9.40
54.10,1392,-71,94.30,9.40
54.15,1386,-72,94.30,9.40
54.20,1382,-72,94.30,9.40
54.25,1380,-73,94.30,9.40
54.30,1372,-73,94.30,9.40
54.35,1362,-73,94.30,9.40
54.40,1357,-73,94.32,9.40
54.45,1353,-72,94.32,9.40
54.50,1344,-73,94.30,9.40
54.55,1341,-73,94.32,9.40
54.60,1338,-74,94.30,9.40
54.65,1333,-76,94.30,9.40
54.70,1330,-79,94.32,9.40
54.75,1334,-82,94.32,9.40
54.80,1322,-84,94.32,9.40
54.85,1328,-86,94.32,9.40
54.90,1322,-88,94.32,9.40
54.95,1316,-89,94.32,9.40
55.00,1309,-89,94.32,9.40
55.05,1306,-88,94.32,9.40
55.10,1302,-87,94.32,9.40
55.15,1297,-87,94.32,9.40
55.20,1288,-86,94.32,9.40
55.25,1286,-84,94.32,9.40
55.30,1280,-82,94.32,9.40
55.35,1279,-80,94.32,9.40
55.40,1274,-78,94.32,9.40
55.45,1267,-76,94.32,9.40
55.50,1263,-75,94.32,9.40
55.55,1257,-73,94.32,9.40
55.60,1253,-73,94.32,9.40
55.65,1249,-72,94.32,9.40
55.70,1239,-71,94.32,9.40
55.75,1236,-72,94.32,9.40
55.80,1230,-72,94.32,9.40
55.85,1227,-74,94.32,9.40
55.90,1226,-75,94.32,9.40
55.95,1225,-76,94.32,9.40
56.00,1222,-77,94.32,9.40
56.05,1219,-77,94.32,9.40
56.10,1219,-77,94.32,9.40
56.15,1214,-76,94.32,9.40
56.20,1213,-76,94.32,9.40
56.25,1209,-76,94.32,9.40
56.30,1207,-76,94.32,9.40
56.35,1207,-77,94.32,9.40
56.40,1203,-78,94.32,9.40
56.45,1202,-78,94.32,9.40
56.50,1201,-78,94.32,9.40
56.55,1190,-78,94.32,9.40
56.60,1194,-78,94.32,9.40
56.65,1199,-77,94.32,9.40
56.70,1191,-76,94.32,9.40
56.75,1186,-75,94.32,9.40
56.80,1180,-74,94.32,9.40
56.85,1175,-74,94.30,9.40
56.90,1168,-74,94.32,9.40
56.95,1159,-74,94.30,9.40
57.00,1157,-74,94.32,9.40
57.05,1148,-74,94.30,9.40
57.10,1148,-75,94.32,9.40
57.15,1141,-75,94.32,9.40
57.20,1140,-76,94.32,9.40
57.25,1134,-77,94.30,9.40
57.30,1127,-77,94.32,9.40
57.35,1120,-78,94.30,9.40
57.40,1118,-78,94.30,9.40
57.45,1109,-78,94.30,9.40
57.50,1103,-79,94.30,9.40
57.55,1101,-79,94.30,9.40
57.60,1097,-80,94.30,9.40
57.65,1093,-82,94.32,9.40
57.70,1088,-83,94.30,9.40
57.75,1087,-84,94.30,9.40
57.80,1087,-84,94.30,9.40
57.85,1083,-84,94.30,9.40
57.90,1080,-83,94.30,9.40
57.95,1074,-82,94.30,9.40
58.00,1081,-80,94.30,9.40
58.05,1072,-79,94.30,9.40
58.10,1066,-78,94.30,9.40
58.15,1065,-77,94.30,9.40
58.20,1060,-77,94.30,9.40
58.25,1058,-76,94.30,9.40
58.30,1050,-74,94.30,9.40
58.35,1051,-73,94.30,9.40
58.40,1050,-72,94.30,9.40
58.45,1047,-71,94.30,9.40
58.50,1041,-69,94.30,9.40
58.55,1038,-68,94.30,9.40
58.60,1035,-66,94.28,9.40
58.65,1029,-65,94.28,9.40
58.70,1023,-65,94.28,9.40
58.75,1015,-66,94.28,9.40
58.80,1008,-68,94.28,9.40
58.85,1006,-70,94.30,9.40
58.90,1001,-71,94.28,9.40
58.95,1000,-72,94.28,9.40
59.00,997,-74,94.28,9.40
59.05,993,-75,94.28,9.40
59.10,993,-75,94.28,9.40
59.15,989,-74,94.28,9.40
59.20,982,-73,94.28,9.40
59.25,984,-71,94.28,9.40
59.30,978,-70,94.28,9.40
59.35,979,-70,94.28,9.40
59.40,969,-71,94.28,9.40
59.45,970,-72,94.28,9.40
59.50,961,-72,94.28,9.40
59.55,973,-73,94.28,9.40
59.60,977,-73,94.28,9.40
59.65,963,-73,94.28,9.40
59.70,956,-73,94.28,9.40
59.75,951,-73,94.26,9.40
59.80,946,-72,94.28,9.40
59.85,943,-73,94.28,9.40
59.90,935,-72,94.26,9.40
59.95,934,-73,94.26,9.40
60.00,925,-73,94.26,9.40
60.05,917,-74,94.26,9.40
60.10,918,-76,94.26,9.40
60.15,914,-77,94.26,9.40
60.20,921,-79,94.26,9.40
60.25,919,-81,94.28,9.40
60.30,918,-82,94.26,9.40
60.35,910,-83,94.26,9.40
60.40,904,-84,94.26,9.40
60.45,901,-84,94.28,9.40
60.50,899,-85,94.26,9.40
60.55,886,-85,94.26,9.40
60.60,890,-84,94.26,9.40
60.65,881,-82,94.26,9.40
60.70,876,-79,94.26,9.40
60.75,867,-77,94.26,9.40
60.80,859,-76,94.26,9.40
60.85,864,-75,94.26,9.40
60.90,860,-75,94.26,9.40
60.95,856,-74,94.26,9.40
61.00,850,-74,94.26,9.40
61.05,841,-75,94.26,9.40
61.10,839,-76,94.26,9.40
61.15,831,-78,94.26,9.40
61.20,826,-81,94.26,9.40
61.25,817,-82,94.26,9.40
61.30,809,-84,94.26,9.40
61.35,809,-85,94.26,9.40
61.40,804,-85,94.26,9.40
61.45,803,-86,94.26,9.40
61.50,803,-85,94.26,9.40
61.55,800,-85,94.26,9.40
61.60,807,-84,94.28,9.40
61.65,804,-81,94.26,9.40
61.70,807,-79,94.26,9.40
61.75,800,-78,94.26,9.40
61.80,794,-77,94.26,9.40
61.85,791,-79,94.26,9.40
61.90,786,-80,94.26,9.40
61.95,781,-81,94.26,9.40
62.00,779,-81,94.26,9.40
62.05,770,-80,94.26,9.40
62.10,764,-79,94.26,9.40
62.15,758,-78,94.26,9.40
62.20,755,-76,94.26,9.40
62.25,753,-74,94.26,9.40
62.30,747,-73,94.28,9.40
62.35,592,-72,94.26,9.30
62.40,704,-72,94.28,9.40
62.45,753,-73,94.26,9.40
62.50,728,-74,94.26,9.40
62.55,699,-76,94.26,9.40
62.60,733,-77,94.26,9.40
62.65,727,-78,94.26,9.40
62.70,720,-79,94.26,9.40
62.75,715,-79,94.26,9.40
62.80,707,-79,94.26,9.40
62.85,703,-79,94.26,9.40
62.90,695,-78,94.28,9.40
62.95,691,-77,94.28,9.40
63.00,685,-76,94.26,9.40
63.05,683,-74,94.26,9.40
63.10,680,-72,94.26,9.40
63.15,674,-70,94.28,9.40
63.20,674,-69,94.26,9.40
63.25,672,-67,94.26,9.40
63.30,667,-66,94.26,9.40
63.35,665,-65,94.26,9.40
63.40,661,-63,94.26,9.40
63.45,660,-63,94.26,9.40
63.50,655,-62,94.26,9.40
63.55,651,-62,94.26,9.40
63.60,652,-63,94.26,9.40
63.65,649,-62,94.26,9.40
63.70,646,-61,94.26,9.40
63.75,641,-60,94.28,9.40
63.80,637,-58,94.28,9.40
63.85,633,-57,94.26,9.40
63.90,632,-57,94.28,9.40
63.95,627,-57,94.28,9.40
64.00,626,-57,94.28,9.40
64.05,624,-58,94.26,9.40
64.10,623,-58,94.28,9.40
64.15,621,-58,94.28,9.40
64.20,618,-59,94.28,9.40
64.25,620,-60,94.28,9.40
64.30,612,-61,94.28,9.40
64.35,610,-62,94.28,9.40
64.40,607,-64,94.28,9.40
64.45,604,-66,94.28,9.40
64.50,602,-67,94.26,9.40
64.55,600,-67,94.28,9.40
64.60,598,-66,94.28,9.40
64.65,601,-65,94.28,9.40
64.70,601,-64,94.28,9.40
64.75,597,-63,94.28,9.40
64.80,595,-63,94.28,9.40
64.85,585,-62,94.28,9.40
64.90,577,-61,94.26,9.40
64.95,573,-60,94.28,9.40
65.00,572,-59,94.28,9.40
65.05,567,-58,94.26,9.40
65.10,562,-57,94.26,9.40
65.15,559,-57,94.28,9.40
65.20,554,-56,94.26,9.40
65.25,550,-55,94.26,9.40
65.30,544,-54,94.26,9.40
65.35,548,-52,94.28,9.40
65.40,522,-51,94.26,9.40
65.45,515,-50,94.28,9.40
65.50,525,-49,94.28,9.40
65.55,523,-49,94.28,9.40
65.60,522,-49,94.28,9.40
65.65,523,-50,94.28,9.40
65.70,519,-50,94.26,9.40
65.75,514,-49,94.28,9.40
65.80,511,-48,94.28,9.40
65.85,513,-46,94.26,9.40
65.90,512,-44,94.26,9.40
65.95,512,-42,94.28,9.40
66.00,513,-41,94.26,9.40
66.05,511,-40,94.28,9.40
66.10,510,-38,94.28,9.40
66.15,509,-37,94.26,9.40
66.20,510,-36,94.28,9.40
66.25,509,-35,94.26,9.40
66.30,508,-32,94.26,9.40
66.35,508,-30,94.26,9.40
66.40,507,-27,94.28,9.40
66.45,507,-25,94.26,9.40
66.50,507,-24,94.26,9.40
66.55,508,-24,94.28,9.40
66.60,499,-24,94.26,9.40
66.65,499,-25,94.26,9.40
66.70,502,-24,94.26,9.40
66.75,496,-24,94.28,9.40
66.80,495,-24,94.26,9.40
66.85,496,-24,94.26,9.40
66.90,493,-24,94.28,9.40
66.95,490,-24,94.28,9.40
67.00,488,-24,94.28,9.40
67.05,488,-25,94.26,9.40
67.10,488,-25,94.26,9.40
67.15,483,-26,94.26,9.40
67.20,481,-26,94.26,9.40
67.25,481,-27,94.26,9.40
67.30,478,-27,94.26,9.40
67.35,477,-28,94.26,9.40
67.40,476,-28,94.26,9.40
67.45,476,-28,94.26,9.40
67.50,475,-29,94.26,9.40
67.55,474,-28,94.26,9.40
67.60,473,-28,94.26,9.40
67.65,471,-28,94.26,9.40
67.70,469,-27,94.26,9.40
67.75,466,-27,94.26,9.40
67.80,467,-28,94.26,9.40
67.85,465,-28,94.26,9.40
67.90,465,-28,94.26,9.40
67.95,465,-28,94.26,9.40
68.00,463,-28,94.26,9.40
68.05,462,-28,94.26,9.40
68.10,460,-28,94.26,9.40
68.15,458,-27,94.26,9.40
68.20,457,-27,94.26,9.40
68.25,456,-26,94.26,9.40
68.30,454,-26,94.26,9.40
68.35,452,-26,94.26,9.40
68.40,452,-26,94.26,9.40
68.45,450,-26,94.26,9.40
68.50,449,-26,94.26,9.40
68.55,447,-26,94.26,9.40
68.60,447,-26,94.26,9.40
68.65,446,-26,94.26,9.40
68.70,445,-26,94.26,9.40
68.75,442,-26,94.26,9.40
68.80,441,-26,94.26,9.40
68.85,438,-27,94.26,9.40
68.90,436,-27,94.26,9.40
68.95,435,-27,94.26,9.40
69.00,433,-27,94.26,9.40
69.05,431,-27,94.26,9.40
69.10,431,-27,94.26,9.40
69.15,429,-27,94.24,9.40
69.20,430,-27,94.24,9.40
69.25,429,-27,94.26,9.40
69.30,427,-27,94.24,9.40
69.35,426,-27,94.24,9.40
69.40,426,-27,94.26,9.40
69.45,424,-27,94.26,9.40
69.50,423,-27,94.26,9.40
69.55,421,-27,94.26,9.40
69.60,420,-27,94.24,9.40
69.65,418,-28,94.26,9.40
69.70,417,-28,94.24,9.40
69.75,416,-28,94.26,9.40
69.80,414,-28,94.26,9.40
69.85,412,-28,94.24,9.40
69.90,410,-28,94.26,9.40
69.95,409,-27,94.24,9.40
70.00,409,-27,94.26,9.40
70.05,407,-27,94.24,9.40
70.10,406,-27,94.24,9.40
70.15,405,-27,94.24,9.40
70.20,404,-27,94.24,9.40
70.25,403,-27,94.24,9.40
70.30,401,-27,94.24,9.40
70.35,398,-28,94.26,9.40
70.40,397,-28,94.26,9.40
70.45,396,-28,94.24,9.40
70.50,394,-28,94.24,9.40
70.55,394,-28,94.24,9.40
70.60,392,-29,94.24,9.40
70.65,391,-29,94.24,9.40
70.70,388,-29,94.24,9.40
70.75,386,-29,94.26,9.40
70.80,384,-28,94.24,9.40
70.85,382,-28,94.26,9.40
70.90,381,-28,94.24,9.40
70.95,380,-28,94.26,9.40
71.00,379,-28,94.24,9.40
71.05,379,-28,94.24,9.40
71.10,378,-28,94.24,9.40
71.15,377,-28,94.24,9.40
71.20,376,-27,94.26,9.40
71.25,375,-27,94.24,9.40
71.30,373,-27,94.24,9.40
71.35,371,-27,94.26,9.40
71.40,368,-27,94.26,9.40
71.45,368,-27,94.26,9.40
71.50,366,-27,94.26,9.40
71.55,364,-27,94.24,9.40
71.60,362,-27,94.26,9.40
71.65,361,-27,94.26,9.40
71.70,360,-27,94.24,9.40
71.75,359,-27,94.24,9.40
71.80,357,-26,94.24,9.40
71.85,355,-26,94.24,9.40
71.90,354,-26,94.26,9.40
71.95,354,-26,94.24,9.40
72.00,352,-26,94.26,9.40
72.05,352,-26,94.24,9.40
72.10,352,-27,94.24,9.40
72.15,350,-27,94.24,9.40
72.20,349,-28,94.24,9.40
72.25,348,-28,94.24,9.40
72.30,348,-28,94.24,9.40
72.35,345,-28,94.24,9.40
72.40,343,-28,94.24,9.40
72.45,342,-28,94.24,9.40
72.50,340,-27,94.24,9.40
72.55,338,-27,94.24,9.40
72.60,336,-27,94.24,9.40
72.65,336,-27,94.24,9.40
72.70,334,-27,94.24,9.40
72.75,332,-26,94.24,9.40
72.80,332,-26,94.24,9.40
72.85,332,-26,94.24,9.40
72.90,330,-26,94.24,9.40
72.95,330,-26,94.24,9.40
73.00,328,-27,94.24,9.40
73.05,326,-27,94.24,9.40
73.10,324,-27,94.24,9.40
73.15,321,-27,94.24,9.40
73.20,320,-28,94.24,9.40
73.25,318,-28,94.24,9.40
73.30,316,-28,94.24,9.40
73.35,315,-28,94.24,9.40
73.40,314,-28,94.24,9.40
73.45,312,-28,94.24,9.40
73.50,311,-27,94.24,9.40
73.55,310,-27,94.24,9.40
73.60,309,-27,94.24,9.40
73.65,308,-27,94.24,9.40
73.70,307,-27,94.24,9.40
73.75,307,-28,94.24,9.40
73.80,304,-28,94.24,9.40
73.85,305,-28,94.23,9.40
73.90,302,-29,94.24,9.40
73.95,301,-29,94.24,9.40
74.00,299,-29,94.24,9.40
74.05,298,-29,94.24,9.40
74.10,297,-28,94.24,9.40
74.15,296,-28,94.24,9.40
74.20,294,-28,94.24,9.40
74.25,291,-28,94.24,9.40
74.30,291,-28,94.24,9.40
74.35,290,-28,94.23,9.40
74.40,288,-28,94.24,9.40
74.45,287,-28,94.24,9.40
74.50,284,-28,94.23,9.40
74.55,284,-28,94.24,9.40
74.60,282,-28,94.24,9.40
74.65,281,-28,94.24,9.40
74.70,279,-28,94.23,9.40
74.75,279,-28,94.23,9.40
74.80,276,-28,94.24,9.40
74.85,274,-28,94.24,9.40
74.90,272,-28,94.24,9.40
74.95,271,-28,94.23,9.40
75.00,269,-27,94.24,9.40
75.05,269,-27,94.23,9.40
75.10,267,-27,94.23,9.40
75.15,266,-27,94.23,9.40
75.20,265,-27,94.23,9.40
75.25,262,-27,94.24,9.40
75.30,261,-27,94.23,9.40
75.35,260,-27,94.23,9.40
75.40,257,-27,94.23,9.40
75.45,256,-27,94.24,9.40
75.50,255,-27,94.23,9.40
75.55,254,-27,94.23,9.40
75.60,253,-27,94.23,9.40
75.65,251,-27,94.23,9.40
75.70,251,-27,94.23,9.40
75.75,249,-27,94.23,9.40
75.80,249,-27,94.23,9.40
75.85,247,-27,94.24,9.40
75.90,247,-27,94.23,9.40
75.95,246,-26,94.23,9.40
76.00,245,-27,94.23,9.40
76.05,245,-27,94.23,9.40
76.10,243,-28,94.23,9.40
76.15,242,-28,94.23,9.40
76.20,240,-29,94.23,9.40
76.25,239,-29,94.23,9.40
76.30,237,-29,94.23,9.40
76.35,235,-29,94.23,9.40
76.40,234,-28,94.23,9.40
76.45,232,-28,94.23,9.40
76.50,231,-28,94.23,9.40
76.55,229,-29,94.21,9.40
76.60,229,-29,94.23,9.40
76.65,224,-29,94.23,9.40
76.70,224,-29,94.23,9.40
76.75,224,-30,94.23,9.40
76.80,222,-30,94.23,9.40
76.85,221,-30,94.23,9.40
76.90,220,-31,94.21,9.40
76.95,219,-31,94.23,9.40
77.00,214,-31,94.23,9.40
77.05,214,-31,94.21,9.40
77.10,211,-31,94.23,9.40
77.15,208,-31,94.21,9.40
77.20,206,-31,94.21,9.40
77.25,205,-31,94.21,9.40
77.30,203,-31,94.23,9.40
77.35,202,-30,94.23,9.40
77.40,202,-30,94.21,9.40
77.45,199,-30,94.21,9.40
77.50,198,-30,94.23,9.40
77.55,197,-30,94.21,9.40
77.60,195,-30,94.21,9.40
77.65,193,-29,94.21,9.40
77.70,190,-29,94.21,9.40
77.75,191,-29,94.21,9.40
77.80,188,-29,94.21,9.40
77.85,187,-29,94.21,9.40
77.90,186,-29,94.21,9.40
77.95,185,-29,94.21,9.40
78.00,183,-28,94.21,9.40
78.05,182,-28,94.21,9.40
78.10,182,-28,94.21,9.40
78.15,180,-27,94.21,9.40
78.20,177,-27,94.21,9.40
78.25,178,-27,94.21,9.40
78.30,177,-27,94.21,9.40
78.35,175,-27,94.21,9.40
78.40,174,-28,94.21,9.40
78.45,172,-28,94.21,9.40
78.50,171,-28,94.21,9.40
78.55,170,-28,94.21,9.40
78.60,169,-28,94.21,9.40
78.65,166,-28,94.19,9.40
78.70,167,-28,94.21,9.40
78.75,165,-28,94.19,9.40
78.80,164,-28,94.21,9.40
78.85,165,-28,94.19,9.40
78.90,162,-29,94.19,9.40
78.95,160,-29,94.21,9.40
79.00,158,-29,94.19,9.40
79.05,158,-29,94.19,9.40
79.10,156,-29,94.19,9.40
79.15,154,-29,94.19,9.40
79.20,152,-29,94.19,9.40
79.25,151,-29,94.19,9.40
79.30,149,-30,94.19,9.40
79.35,147,-30,94.19,9.40
79.40,145,-30,94.19,9.40
79.45,143,-30,94.19,9.40
79.50,143,-30,94.19,9.40
79.55,141,-30,94.19,9.40
79.60,138,-30,94.19,9.40
79.65,136,-30,94.19,9.40
79.70,135,-31,94.19,9.40
79.75,133,-31,94.19,9.40
79.80,132,-31,94.19,9.40
79.85,130,-32,94.19,9.40
79.90,128,-32,94.19,9.40
79.95,127,-32,94.19,9.40
80.00,126,-32,94.19,9.40
80.05,124,-32,94.19,9.40
80.10,123,-32,94.19,9.40
80.15,122,-32,94.19,9.40
80.20,120,-32,94.19,9.40
80.25,119,-32,94.19,9.40
80.30,117,-32,94.19,9.40
80.35,114,-32,94.19,9.40
80.40,114,-32,94.17,9.40
80.45,112,-32,94.19,9.40
80.50,111,-32,94.19,9.40
80.55,110,-32,94.19,9.40
80.60,108,-31,94.19,9.40
80.65,107,-31,94.19,9.40
80.70,105,-31,94.19,9.40
80.75,103,-31,94.19,9.40
80.80,102,-31,94.19,9.40
80.85,100,-31,94.17,9.40
80.90,98,-31,94.19,9.40
80.95,97,-31,94.17,9.40
81.00,95,-31,94.19,9.40
81.05,93,-31,94.19,9.40
81.10,93,-32,94.17,9.40
81.15,90,-32,94.17,9.40
81.20,88,-32,94.17,9.40
81.25,88,-32,94.17,9.40
81.30,85,-32,94.17,9.40
81.35,83,-31,94.17,9.40
81.40,82,-31,94.17,9.40
81.45,80,-31,94.17,9.40
81.50,79,-31,94.17,9.40
81.55,78,-31,94.17,9.40
81.60,75,-31,94.17,9.40
81.65,74,-31,94.19,9.40
81.70,73,-32,94.17,9.40
81.75,71,-32,94.17,9.40
81.80,69,-32,94.17,9.40
81.85,68,-32,94.17,9.40
81.90,66,-32,94.19,9.40
81.95,65,-32,94.17,9.40
82.00,63,-32,94.17,9.40
82.05,62,-32,94.17,9.40
82.10,59,-32,94.17,9.40
82.15,58,-32,94.17,9.40
82.20,56,-31,94.17,9.40
82.25,55,-31,94.17,9.40
82.30,55,-31,94.17,9.40
82.35,53,-31,94.17,9.40
82.40,51,-31,94.17,9.40
82.45,51,-31,94.17,9.40
82.50,49,-30,94.17,9.40
82.55,47,-30,94.17,9.40
82.60,46,-30,94.17,9.40
82.65,43,-30,94.17,9.40
82.70,41,-30,94.17,9.40
82.75,40,-29,94.17,9.40
82.80,37,-29,94.17,9.40
82.85,36,-29,94.17,9.40
82.90,35,-28,94.17,9.40
82.95,33,-28,94.17,9.40
83.00,31,-28,94.17,9.40
83.05,31,-27,94.17,9.40
83.10,28,-27,94.17,9.40
83.15,28,-26,94.17,9.40
83.20,26,-26,94.15,9.40
83.25,25,-25,94.17,9.40
83.30,24,-25,94.17,9.40
83.35,22,-26,94.17,9.40
83.40,21,-26,94.17,9.40
83.45,19,-25,94.17,9.40
83.50,18,-25,94.15,9.40
83.55,16,-24,94.15,9.40
83.60,17,-23,94.15,9.40
83.65,15,-22,94.17,9.40
83.70,13,-21,94.17,9.40
83.75,13,-20,94.17,9.40
83.80,12,-20,94.15,9.40
83.85,10,-19,94.17,9.40
83.90,10,-18,94.17,9.40
83.95,9,-17,94.17,9.40
84.00,8,-17,94.17,9.40
84.05,7,-16,94.15,9.40
84.10,7,-15,94.15,9.40
84.15,5,-15,94.17,9.40
84.20,5,-14,94.17,9.40
84.25,11,-13,94.17,9.40
84.30,1,-13,94.17,9.40
84.35,0,-12,94.15,9.40
84.40,-1,-11,94.17,9.40
84.45,0,-11,94.17,9.40
84.50,-1,-10,94.17,9.40
84.55,5,-9,94.15,9.40
84.60,-1,-9,94.15,9.40
84.65,1,-8,94.17,9.40
84.70,-1,-8,94.17,9.40
84.75,0,-7,94.17,9.40
84.80,0,-7,94.15,9.40
84.85,-1,-6,94.15,9.40
84.90,-1,-6,94.17,9.40
84.95,-1,-5,94.17,9.40
85.00,-1,-5,94.15,9.40
85.05,0,-5,94.15,9.40
85.10,-1,-4,94.17,9.40
85.15,-2,-4,94.17,9.40
85.20,-1,-4,94.15,9.40
85.25,-1,-3,94.17,9.40
85.30,0,-2,94.15,9.40
85.35,-1,-2,94.17,9.40
85.40,-2,-1,94.17,9.40
85.45,-1,-1,94.17,9.40
85.50,-2,-1,94.15,9.40
85.55,-1,-1,94.17,9.40
85.60,-2,-1,94.17,9.40
85.65,-2,-1,94.15,9.40
85.70,-1,-1,94.17,9.40
85.75,-2,-0,94.17,9.40
85.80,-1,-0,94.17,9.40
85.85,-1,-0,94.15,9.40
85.90,-2,-0,94.15,9.40
85.95,-2,-0,94.15,9.40
86.00,-1,-0,94.15,9.40
86.05,-2,-0,94.17,9.40
86.10,-1,-0,94.15,9.40
86.15,-2,0,94.17,9.40
86.20,-1,0,94.15,9.40
86.25,-1,0,94.17,9.40
86.30,-2,0,94.15,9.40
86.35,-2,0,94.15,9.40
86.40,-1,0,94.15,9.40
86.45,-1,0,94.15,9.40
86.50,-1,0,94.15,9.40
86.55,-2,0,94.15,9.40
86.60,-2,0,94.15,9.40
86.65,-1,0,94.15,9.40
86.70,-1,0,94.15,9.40
86.75,-1,0,94.15,9.40
86.80,0,0,94.15,9.40
86.85,-1,0,94.15,9.40
86.90,-2,0,94.15,9.40
86.95,0,0,94.15,9.40
87.00,-2,0,94.15,9.40
87.05,-1,0,94.17,9.40
87.10,-1,0,94.15,9.40
87.15,-1,0,94.15,9.40
87.20,0,0,94.15,9.40
87.25,-1,0,94.15,9.40
87.30,-1,0,94.15,9.40
87.35,-1,0,94.15,9.40
87.40,-1,0,94.15,9.40
87.45,-1,0,94.15,9.40
87.50,-1,0,94.15,9.40
87.55,-1,0,94.15,9.40
87.60,-1,0,94.15,9.40
87.65,-2,0,94.15,9.40
87.70,-1,0,94.17,9.40
87.75,-1,-0,94.15,9.40
87.80,-1,-0,94.15,9.40
87.85,-1,-0,94.15,9.40
87.90,-1,0,94.15,9.40
87.95,-1,-0,94.15,9.40
88.00,-1,0,94.15,9.40
88.05,-1,-0,94.15,9.40
88.10,-1,-0,94.15,9.40
88.15,-1,-0,94.15,9.40
88.20,-2,-0,94.15,9.40
88.25,-1,-0,94.15,9.40
88.30,-1,-0,94.15,9.40
88.35,-1,-0,94.15,9.40
88.40,-1,-0,94.15,9.40
88.45,-1,-0,94.15,9.40
88.50,-1,-0,94.15,9.40
88.55,-1,-0,94.15,9.40
88.60,-1,-0,94.15,9.40
88.65,-1,0,94.15,9.40
88.70,-1,-0,94.15,9.40
88.75,-1,-0,94.15,9.40
88.80,-1,-0,94.15,9.40
88.85,-1,-0,94.15,9.40
88.90,-1,-0,94.15,9.40
88.95,-1,-0,94.15,9.40
89.00,-2,-0,94.15,9.40
89.05,-1,-0,94.15,9.40
89.10,-1,-0,94.15,9.40
89.15,-1,-0,94.15,9.40
89.20,-1,-0,94.14,9.40
89.25,-2,-0,94.15,9.40
89.30,-1,-0,94.15,9.40
89.35,-1,-0,94.15,9.40
89.40,-2,-0,94.15,9.40
89.45,-2,-0,94.15,9.40
89.50,-1,-0,94.15,9.40
89.55,-1,-0,94.15,9.40
89.60,-1,-0,94.15,9.40
89.65,-2,-0,94.15,9.40
89.70,-1,-0,94.15,9.40
89.75,-1,-0,94.15,9.40
89.80,-2,-0,94.15,9.40
89.85,-1,-0,94.15,9.40
89.90,-2,-0,94.15,9.40
89.95,-2,-0,94.15,9.40
90.00,-1,-0,94.14,9.40
90.05,-2,-0,94.15,9.40
90.10,-2,-0,94.15,9.40
90.15,-2,-0,94.15,9.40
90.20,-2,0,94.15,9.40
90.25,-1,0,94.15,9.40
90.30,-2,0,94.15,9.40
90.35,-1,0,94.15,9.40
90.40,-1,0,94.15,9.40
90.45,-1,0,94.15,9.40
90.50,-1,0,94.15,9.40
90.55,-2,-0,94.15,9.40
90.60,-1,-0,94.14,9.40
90.65,-2,-0,94.15,9.40
90.70,-1,-0,94.15,9.40
90.75,-1,-0,94.15,9.40
90.80,-1,-0,94.14,9.40
90.85,-1,0,94.14,9.40
90.90,-1,0,94.14,9.40
90.95,-2,0,94.15,9.40
91.00,-2,0,94.15,9.40
91.05,-1,0,94.15,9.40
91.10,-1,0,94.14,9.40
91.15,-1,0,94.15,9.40
91.20,-2,0,94.15,9.40
91.25,-1,0,94.15,9.40
91.30,0,0,94.15,9.40
91.35,-2,0,94.15,9.40
91.40,-2,0,94.15,9.40
91.45,-1,0,94.14,9.40
91.50,-1,0,94.14,9.40
91.55,-1,0,94.15,9.40
91.60,-2,0,94.15,9.40
91.65,-2,0,94.15,9.40
91.70,-2,0,94.14,9.40
91.75,-2,0,94.14,9.40
91.80,-1,0,94.15,9.40
91.85,-1,0,94.15,9.40
91.90,-1,0,94.14,9.40
91.95,-2,-0,94.15,9.40
92.00,-2,-0,94.14,9.40
92.05,-1,0,94.15,9.40
92.10,-1,0,94.15,9.40
92.15,-1,0,94.15,9.40
92.20,-1,1,94.14,9.40
92.25,-2,1,94.15,9.40
92.30,-1,1,94.15,9.40
92.35,-1,1,94.14,9.40
92.40,-1,1,94.14,9.40
92.45,-1,0,94.15,9.40
92.50,-1,-1,94.14,9.40
92.55,-1,-1,94.15,9.40
92.60,-2,-0,94.15,9.40
92.65,-1,0,94.14,9.40
92.70,-1,0,94.14,9.40
92.75,-1,0,94.14,9.40
92.80,-1,0,94.15,9.40
92.85,-1,0,94.15,9.40
92.90,-2,0,94.14,9.40
92.95,-1,0,94.14,9.40
93.00,-2,0,94.15,9.40
93.05,-2,0,94.14,9.40
93.10,-1,0,94.15,9.40
93.15,-1,0,94.15,9.40
